,run,sample,event,unix_time,configuration
0,0,,run_start,1741372880.305,1x1
1,0,0.0,capture_start,1741372908.234,1x1
2,0,0.0,capture_end,1741372908.274,1x1
3,0,,run_end,1741372918.828,1x1
4,0,,reinit_start,1741372918.877,1x1
5,0,,reinit_end,1741372919.574,1x1
6,1,,run_start,1741372940.676,1x1
7,1,0.0,capture_start,1741372968.603,1x1
8,1,0.0,capture_end,1741372968.656,1x1
9,1,,run_end,1741372979.218,1x1
10,1,,reinit_start,1741372979.279,1x1
11,1,,reinit_end,1741372979.943,1x1
12,2,,run_start,1741373001.017,1x1
13,2,0.0,capture_start,1741373028.936,1x1
14,2,0.0,capture_end,1741373029.06,1x1
15,2,,run_end,1741373039.606,1x1
16,2,,reinit_start,1741373039.638,1x1
17,2,,reinit_end,1741373040.407,1x1
18,3,,run_start,1741373061.529,1x1
19,3,0.0,capture_start,1741373089.438,1x1
20,3,0.0,capture_end,1741373089.484,1x1
21,3,,run_end,1741373100.035,1x1
22,3,,reinit_start,1741373100.065,1x1
23,3,,reinit_end,1741373100.784,1x1
24,4,,run_start,1741373121.895,1x1
25,4,0.0,capture_start,1741373149.818,1x1
26,4,0.0,capture_end,1741373149.873,1x1
27,4,,run_end,1741373160.417,1x1
28,0,,run_start,1741372131.778,1x2
29,0,0.0,capture_start,1741372160.757,1x2
30,0,0.0,capture_end,1741372160.816,1x2
31,0,1.0,capture_start,1741372179.38,1x2
32,0,1.0,capture_end,1741372179.409,1x2
33,0,,run_end,1741372190.485,1x2
34,0,,reinit_start,1741372222.684,1x2
35,0,,reinit_end,1741372223.333,1x2
36,1,,run_start,1741372252.453,1x2
37,1,0.0,capture_start,1741372281.426,1x2
38,1,0.0,capture_end,1741372281.502,1x2
39,1,1.0,capture_start,1741372300.07,1x2
40,1,1.0,capture_end,1741372300.112,1x2
41,1,,run_end,1741372311.185,1x2
42,1,,reinit_start,1741372343.438,1x2
43,1,,reinit_end,1741372344.071,1x2
44,2,,run_start,1741372373.227,1x2
45,2,0.0,capture_start,1741372402.211,1x2
46,2,0.0,capture_end,1741372402.284,1x2
47,2,1.0,capture_start,1741372420.848,1x2
48,2,1.0,capture_end,1741372420.889,1x2
49,2,,run_end,1741372431.961,1x2
50,2,,reinit_start,1741372464.179,1x2
51,2,,reinit_end,1741372464.935,1x2
52,3,,run_start,1741372494.117,1x2
53,3,0.0,capture_start,1741372523.092,1x2
54,3,0.0,capture_end,1741372523.177,1x2
55,3,1.0,capture_start,1741372541.756,1x2
56,3,1.0,capture_end,1741372541.787,1x2
57,3,,run_end,1741372552.841,1x2
58,3,,reinit_start,1741372585.062,1x2
59,3,,reinit_end,1741372585.782,1x2
60,4,,run_start,1741372614.896,1x2
61,4,0.0,capture_start,1741372643.876,1x2
62,4,0.0,capture_end,1741372643.952,1x2
63,4,1.0,capture_start,1741372662.52,1x2
64,4,1.0,capture_end,1741372662.561,1x2
65,4,,run_end,1741372673.631,1x2
66,0,,run_start,1741371170.842,2x2
67,0,0.0,capture_start,1741371199.872,2x2
68,0,0.0,capture_end,1741371199.972,2x2
69,0,1.0,capture_start,1741371218.536,2x2
70,0,1.0,capture_end,1741371218.57,2x2
71,0,2.0,capture_start,1741371237.137,2x2
72,0,2.0,capture_end,1741371237.199,2x2
73,0,3.0,capture_start,1741371255.771,2x2
74,0,3.0,capture_end,1741371255.812,2x2
75,0,,run_end,1741371267.097,2x2
76,0,,reinit_start,1741371321.464,2x2
77,0,,reinit_end,1741371322.183,2x2
78,1,,run_start,1741371351.354,2x2
79,1,0.0,capture_start,1741371380.391,2x2
80,1,0.0,capture_end,1741371380.458,2x2
81,1,1.0,capture_start,1741371399.015,2x2
82,1,1.0,capture_end,1741371399.046,2x2
83,1,2.0,capture_start,1741371417.613,2x2
84,1,2.0,capture_end,1741371417.653,2x2
85,1,3.0,capture_start,1741371436.22,2x2
86,1,3.0,capture_end,1741371436.25,2x2
87,1,,run_end,1741371447.534,2x2
88,1,,reinit_start,1741371501.793,2x2
89,1,,reinit_end,1741371502.503,2x2
90,2,,run_start,1741371531.689,2x2
91,2,0.0,capture_start,1741371560.727,2x2
92,2,0.0,capture_end,1741371560.787,2x2
93,2,1.0,capture_start,1741371579.354,2x2
94,2,1.0,capture_end,1741371579.395,2x2
95,2,2.0,capture_start,1741371597.953,2x2
96,2,2.0,capture_end,1741371597.982,2x2
97,2,3.0,capture_start,1741371616.531,2x2
98,2,3.0,capture_end,1741371616.563,2x2
99,2,,run_end,1741371627.849,2x2
100,2,,reinit_start,1741371682.153,2x2
101,2,,reinit_end,1741371682.839,2x2
102,3,,run_start,1741371711.941,2x2
103,3,0.0,capture_start,1741371740.996,2x2
104,3,0.0,capture_end,1741371741.184,2x2
105,3,1.0,capture_start,1741371759.762,2x2
106,3,1.0,capture_end,1741371759.789,2x2
107,3,2.0,capture_start,1741371778.354,2x2
108,3,2.0,capture_end,1741371778.389,2x2
109,3,3.0,capture_start,1741371796.949,2x2
110,3,3.0,capture_end,1741371796.978,2x2
111,3,,run_end,1741371808.241,2x2
112,3,,reinit_start,1741371862.532,2x2
113,3,,reinit_end,1741371863.238,2x2
114,4,,run_start,1741371892.381,2x2
115,4,0.0,capture_start,1741371921.407,2x2
116,4,0.0,capture_end,1741371921.472,2x2
117,4,1.0,capture_start,1741371940.035,2x2
118,4,1.0,capture_end,1741371940.075,2x2
119,4,2.0,capture_start,1741371958.637,2x2
120,4,2.0,capture_end,1741371958.68,2x2
121,4,3.0,capture_start,1741371977.242,2x2
122,4,3.0,capture_end,1741371977.278,2x2
123,4,,run_end,1741371988.543,2x2
124,0,,run_start,1741369808.217,2x4
125,0,0.0,capture_start,1741369838.93,2x4
126,0,0.0,capture_end,1741369838.994,2x4
127,0,1.0,capture_start,1741369857.565,2x4
128,0,1.0,capture_end,1741369857.638,2x4
129,0,2.0,capture_start,1741369876.198,2x4
130,0,2.0,capture_end,1741369876.256,2x4
131,0,3.0,capture_start,1741369894.835,2x4
132,0,3.0,capture_end,1741369894.889,2x4
133,0,4.0,capture_start,1741369913.439,2x4
134,0,4.0,capture_end,1741369913.48,2x4
135,0,5.0,capture_start,1741369932.041,2x4
136,0,5.0,capture_end,1741369932.066,2x4
137,0,6.0,capture_start,1741369950.644,2x4
138,0,6.0,capture_end,1741369950.667,2x4
139,0,7.0,capture_start,1741369969.217,2x4
140,0,7.0,capture_end,1741369969.252,2x4
141,0,,run_end,1741369981.85,2x4
142,0,,reinit_start,1741370019.09,2x4
143,0,,reinit_end,1741370019.744,2x4
144,1,,run_start,1741370048.914,2x4
145,1,0.0,capture_start,1741370079.642,2x4
146,1,0.0,capture_end,1741370079.703,2x4
147,1,1.0,capture_start,1741370098.254,2x4
148,1,1.0,capture_end,1741370098.279,2x4
149,1,2.0,capture_start,1741370116.85,2x4
150,1,2.0,capture_end,1741370116.879,2x4
151,1,3.0,capture_start,1741370135.443,2x4
152,1,3.0,capture_end,1741370135.48,2x4
153,1,4.0,capture_start,1741370154.059,2x4
154,1,4.0,capture_end,1741370154.096,2x4
155,1,5.0,capture_start,1741370172.66,2x4
156,1,5.0,capture_end,1741370172.69,2x4
157,1,6.0,capture_start,1741370191.249,2x4
158,1,6.0,capture_end,1741370191.296,2x4
159,1,7.0,capture_start,1741370209.876,2x4
160,1,7.0,capture_end,1741370209.908,2x4
161,1,,run_end,1741370222.52,2x4
162,1,,reinit_start,1741370259.807,2x4
163,1,,reinit_end,1741370260.447,2x4
164,2,,run_start,1741370289.608,2x4
165,2,0.0,capture_start,1741370320.328,2x4
166,2,0.0,capture_end,1741370320.385,2x4
167,2,1.0,capture_start,1741370338.935,2x4
168,2,1.0,capture_end,1741370338.978,2x4
169,2,2.0,capture_start,1741370357.547,2x4
170,2,2.0,capture_end,1741370357.583,2x4
171,2,3.0,capture_start,1741370376.161,2x4
172,2,3.0,capture_end,1741370376.198,2x4
173,2,4.0,capture_start,1741370394.751,2x4
174,2,4.0,capture_end,1741370394.787,2x4
175,2,5.0,capture_start,1741370413.344,2x4
176,2,5.0,capture_end,1741370413.403,2x4
177,2,6.0,capture_start,1741370431.959,2x4
178,2,6.0,capture_end,1741370432.004,2x4
179,2,7.0,capture_start,1741370450.56,2x4
180,2,7.0,capture_end,1741370450.607,2x4
181,2,,run_end,1741370463.219,2x4
182,2,,reinit_start,1741370500.456,2x4
183,2,,reinit_end,1741370501.101,2x4
184,3,,run_start,1741370530.26,2x4
185,3,0.0,capture_start,1741370560.978,2x4
186,3,0.0,capture_end,1741370561.026,2x4
187,3,1.0,capture_start,1741370579.585,2x4
188,3,1.0,capture_end,1741370579.618,2x4
189,3,2.0,capture_start,1741370598.175,2x4
190,3,2.0,capture_end,1741370598.198,2x4
191,3,3.0,capture_start,1741370616.77,2x4
192,3,3.0,capture_end,1741370616.806,2x4
193,3,4.0,capture_start,1741370635.368,2x4
194,3,4.0,capture_end,1741370635.398,2x4
195,3,5.0,capture_start,1741370653.953,2x4
196,3,5.0,capture_end,1741370654.004,2x4
197,3,6.0,capture_start,1741370672.573,2x4
198,3,6.0,capture_end,1741370672.611,2x4
199,3,7.0,capture_start,1741370691.17,2x4
200,3,7.0,capture_end,1741370691.204,2x4
201,3,,run_end,1741370703.806,2x4
202,3,,reinit_start,1741370741.055,2x4
203,3,,reinit_end,1741370741.709,2x4
204,4,,run_start,1741370770.863,2x4
205,4,0.0,capture_start,1741370801.581,2x4
206,4,0.0,capture_end,1741370801.731,2x4
207,4,1.0,capture_start,1741370820.3,2x4
208,4,1.0,capture_end,1741370820.337,2x4
209,4,2.0,capture_start,1741370838.899,2x4
210,4,2.0,capture_end,1741370838.941,2x4
211,4,3.0,capture_start,1741370857.495,2x4
212,4,3.0,capture_end,1741370857.536,2x4
213,4,4.0,capture_start,1741370876.102,2x4
214,4,4.0,capture_end,1741370876.141,2x4
215,4,5.0,capture_start,1741370894.72,2x4
216,4,5.0,capture_end,1741370894.762,2x4
217,4,6.0,capture_start,1741370913.331,2x4
218,4,6.0,capture_end,1741370913.36,2x4
219,4,7.0,capture_start,1741370931.951,2x4
220,4,7.0,capture_end,1741370931.991,2x4
221,4,,run_end,1741370944.591,2x4
222,0,,run_start,1741366967.441,4x4
223,0,0.0,capture_start,1741366998.854,4x4
224,0,0.0,capture_end,1741366998.946,4x4
225,0,1.0,capture_start,1741367017.52,4x4
226,0,1.0,capture_end,1741367017.56,4x4
227,0,2.0,capture_start,1741367036.128,4x4
228,0,2.0,capture_end,1741367036.157,4x4
229,0,3.0,capture_start,1741367054.738,4x4
230,0,3.0,capture_end,1741367054.757,4x4
231,0,4.0,capture_start,1741367073.327,4x4
232,0,4.0,capture_end,1741367073.356,4x4
233,0,5.0,capture_start,1741367091.93,4x4
234,0,5.0,capture_end,1741367091.961,4x4
235,0,6.0,capture_start,1741367110.547,4x4
236,0,6.0,capture_end,1741367110.58,4x4
237,0,7.0,capture_start,1741367129.137,4x4
238,0,7.0,capture_end,1741367129.167,4x4
239,0,8.0,capture_start,1741367147.719,4x4
240,0,8.0,capture_end,1741367147.754,4x4
241,0,9.0,capture_start,1741367166.313,4x4
242,0,9.0,capture_end,1741367166.342,4x4
243,0,10.0,capture_start,1741367184.923,4x4
244,0,10.0,capture_end,1741367184.953,4x4
245,0,11.0,capture_start,1741367203.512,4x4
246,0,11.0,capture_end,1741367203.54,4x4
247,0,12.0,capture_start,1741367222.1,4x4
248,0,12.0,capture_end,1741367222.136,4x4
249,0,13.0,capture_start,1741367240.697,4x4
250,0,13.0,capture_end,1741367240.732,4x4
251,0,14.0,capture_start,1741367259.281,4x4
252,0,14.0,capture_end,1741367259.328,4x4
253,0,15.0,capture_start,1741367277.885,4x4
254,0,15.0,capture_end,1741367277.932,4x4
255,0,,run_end,1741367291.66,4x4
256,0,,reinit_start,1741367297.738,4x4
257,0,,reinit_end,1741367298.407,4x4
258,1,,run_start,1741367327.566,4x4
259,1,0.0,capture_start,1741367358.972,4x4
260,1,0.0,capture_end,1741367359.083,4x4
261,1,1.0,capture_start,1741367377.644,4x4
262,1,1.0,capture_end,1741367377.7,4x4
263,1,2.0,capture_start,1741367396.263,4x4
264,1,2.0,capture_end,1741367396.295,4x4
265,1,3.0,capture_start,1741367414.855,4x4
266,1,3.0,capture_end,1741367414.886,4x4
267,1,4.0,capture_start,1741367433.471,4x4
268,1,4.0,capture_end,1741367433.512,4x4
269,1,5.0,capture_start,1741367452.092,4x4
270,1,5.0,capture_end,1741367452.121,4x4
271,1,6.0,capture_start,1741367470.679,4x4
272,1,6.0,capture_end,1741367470.719,4x4
273,1,7.0,capture_start,1741367489.276,4x4
274,1,7.0,capture_end,1741367489.316,4x4
275,1,8.0,capture_start,1741367507.874,4x4
276,1,8.0,capture_end,1741367507.931,4x4
277,1,9.0,capture_start,1741367526.48,4x4
278,1,9.0,capture_end,1741367526.538,4x4
279,1,10.0,capture_start,1741367545.091,4x4
280,1,10.0,capture_end,1741367545.131,4x4
281,1,11.0,capture_start,1741367563.68,4x4
282,1,11.0,capture_end,1741367563.722,4x4
283,1,12.0,capture_start,1741367582.295,4x4
284,1,12.0,capture_end,1741367582.337,4x4
285,1,13.0,capture_start,1741367600.915,4x4
286,1,13.0,capture_end,1741367600.945,4x4
287,1,14.0,capture_start,1741367619.516,4x4
288,1,14.0,capture_end,1741367619.546,4x4
289,1,15.0,capture_start,1741367638.104,4x4
290,1,15.0,capture_end,1741367638.132,4x4
291,1,,run_end,1741367651.865,4x4
292,1,,reinit_start,1741367657.959,4x4
293,1,,reinit_end,1741367658.688,4x4
294,2,,run_start,1741367687.851,4x4
295,2,0.0,capture_start,1741367719.253,4x4
296,2,0.0,capture_end,1741367719.299,4x4
297,2,1.0,capture_start,1741367737.863,4x4
298,2,1.0,capture_end,1741367737.893,4x4
299,2,2.0,capture_start,1741367756.464,4x4
300,2,2.0,capture_end,1741367756.485,4x4
301,2,3.0,capture_start,1741367775.048,4x4
302,2,3.0,capture_end,1741367775.089,4x4
303,2,4.0,capture_start,1741367793.66,4x4
304,2,4.0,capture_end,1741367793.701,4x4
305,2,5.0,capture_start,1741367812.257,4x4
306,2,5.0,capture_end,1741367812.29,4x4
307,2,6.0,capture_start,1741367830.851,4x4
308,2,6.0,capture_end,1741367830.882,4x4
309,2,7.0,capture_start,1741367849.449,4x4
310,2,7.0,capture_end,1741367849.481,4x4
311,2,8.0,capture_start,1741367868.032,4x4
312,2,8.0,capture_end,1741367868.073,4x4
313,2,9.0,capture_start,1741367886.644,4x4
314,2,9.0,capture_end,1741367886.685,4x4
315,2,10.0,capture_start,1741367905.272,4x4
316,2,10.0,capture_end,1741367905.303,4x4
317,2,11.0,capture_start,1741367923.872,4x4
318,2,11.0,capture_end,1741367923.921,4x4
319,2,12.0,capture_start,1741367942.482,4x4
320,2,12.0,capture_end,1741367942.52,4x4
321,2,13.0,capture_start,1741367961.083,4x4
322,2,13.0,capture_end,1741367961.114,4x4
323,2,14.0,capture_start,1741367979.683,4x4
324,2,14.0,capture_end,1741367979.718,4x4
325,2,15.0,capture_start,1741367998.291,4x4
326,2,15.0,capture_end,1741367998.338,4x4
327,2,,run_end,1741368012.044,4x4
328,2,,reinit_start,1741368018.141,4x4
329,2,,reinit_end,1741368018.832,4x4
330,3,,run_start,1741368047.965,4x4
331,3,0.0,capture_start,1741368079.387,4x4
332,3,0.0,capture_end,1741368079.44,4x4
333,3,1.0,capture_start,1741368098.003,4x4
334,3,1.0,capture_end,1741368098.044,4x4
335,3,2.0,capture_start,1741368116.608,4x4
336,3,2.0,capture_end,1741368116.639,4x4
337,3,3.0,capture_start,1741368135.209,4x4
338,3,3.0,capture_end,1741368135.252,4x4
339,3,4.0,capture_start,1741368153.827,4x4
340,3,4.0,capture_end,1741368153.868,4x4
341,3,5.0,capture_start,1741368172.43,4x4
342,3,5.0,capture_end,1741368172.46,4x4
343,3,6.0,capture_start,1741368191.015,4x4
344,3,6.0,capture_end,1741368191.055,4x4
345,3,7.0,capture_start,1741368209.619,4x4
346,3,7.0,capture_end,1741368209.66,4x4
347,3,8.0,capture_start,1741368228.214,4x4
348,3,8.0,capture_end,1741368228.245,4x4
349,3,9.0,capture_start,1741368246.809,4x4
350,3,9.0,capture_end,1741368246.861,4x4
351,3,10.0,capture_start,1741368265.422,4x4
352,3,10.0,capture_end,1741368265.463,4x4
353,3,11.0,capture_start,1741368284.024,4x4
354,3,11.0,capture_end,1741368284.065,4x4
355,3,12.0,capture_start,1741368302.64,4x4
356,3,12.0,capture_end,1741368302.67,4x4
357,3,13.0,capture_start,1741368321.23,4x4
358,3,13.0,capture_end,1741368321.361,4x4
359,3,14.0,capture_start,1741368339.929,4x4
360,3,14.0,capture_end,1741368339.97,4x4
361,3,15.0,capture_start,1741368358.537,4x4
362,3,15.0,capture_end,1741368358.558,4x4
363,3,,run_end,1741368372.279,4x4
364,3,,reinit_start,1741368378.354,4x4
365,3,,reinit_end,1741368379.071,4x4
366,4,,run_start,1741368408.224,4x4
367,4,0.0,capture_start,1741368439.638,4x4
368,4,0.0,capture_end,1741368439.692,4x4
369,4,1.0,capture_start,1741368458.264,4x4
370,4,1.0,capture_end,1741368458.295,4x4
371,4,2.0,capture_start,1741368476.869,4x4
372,4,2.0,capture_end,1741368476.914,4x4
373,4,3.0,capture_start,1741368495.483,4x4
374,4,3.0,capture_end,1741368495.514,4x4
375,4,4.0,capture_start,1741368514.094,4x4
376,4,4.0,capture_end,1741368514.135,4x4
377,4,5.0,capture_start,1741368532.698,4x4
378,4,5.0,capture_end,1741368532.748,4x4
379,4,6.0,capture_start,1741368551.321,4x4
380,4,6.0,capture_end,1741368551.351,4x4
381,4,7.0,capture_start,1741368569.921,4x4
382,4,7.0,capture_end,1741368569.972,4x4
383,4,8.0,capture_start,1741368588.529,4x4
384,4,8.0,capture_end,1741368588.569,4x4
385,4,9.0,capture_start,1741368607.122,4x4
386,4,9.0,capture_end,1741368607.162,4x4
387,4,10.0,capture_start,1741368625.753,4x4
388,4,10.0,capture_end,1741368625.793,4x4
389,4,11.0,capture_start,1741368644.371,4x4
390,4,11.0,capture_end,1741368644.411,4x4
391,4,12.0,capture_start,1741368662.973,4x4
392,4,12.0,capture_end,1741368663.006,4x4
393,4,13.0,capture_start,1741368681.57,4x4
394,4,13.0,capture_end,1741368681.6,4x4
395,4,14.0,capture_start,1741368700.155,4x4
396,4,14.0,capture_end,1741368700.195,4x4
397,4,15.0,capture_start,1741368718.774,4x4
398,4,15.0,capture_end,1741368718.814,4x4
399,4,,run_end,1741368732.535,4x4
400,0,,run_start,1741363415.518,4x8
401,0,0.0,capture_start,1741363450.405,4x8
402,0,0.0,capture_end,1741363450.503,4x8
403,0,1.0,capture_start,1741363469.057,4x8
404,0,1.0,capture_end,1741363469.098,4x8
405,0,2.0,capture_start,1741363487.662,4x8
406,0,2.0,capture_end,1741363487.702,4x8
407,0,3.0,capture_start,1741363506.267,4x8
408,0,3.0,capture_end,1741363506.297,4x8
409,0,4.0,capture_start,1741363524.864,4x8
410,0,4.0,capture_end,1741363524.895,4x8
411,0,5.0,capture_start,1741363543.464,4x8
412,0,5.0,capture_end,1741363543.504,4x8
413,0,6.0,capture_start,1741363562.068,4x8
414,0,6.0,capture_end,1741363562.101,4x8
415,0,7.0,capture_start,1741363580.674,4x8
416,0,7.0,capture_end,1741363580.705,4x8
417,0,8.0,capture_start,1741363599.267,4x8
418,0,8.0,capture_end,1741363599.314,4x8
419,0,9.0,capture_start,1741363617.891,4x8
420,0,9.0,capture_end,1741363617.931,4x8
421,0,10.0,capture_start,1741363636.515,4x8
422,0,10.0,capture_end,1741363636.544,4x8
423,0,11.0,capture_start,1741363655.125,4x8
424,0,11.0,capture_end,1741363655.153,4x8
425,0,12.0,capture_start,1741363673.712,4x8
426,0,12.0,capture_end,1741363673.761,4x8
427,0,13.0,capture_start,1741363692.327,4x8
428,0,13.0,capture_end,1741363692.368,4x8
429,0,14.0,capture_start,1741363710.927,4x8
430,0,14.0,capture_end,1741363710.955,4x8
431,0,15.0,capture_start,1741363729.514,4x8
432,0,15.0,capture_end,1741363729.552,4x8
433,0,16.0,capture_start,1741363748.119,4x8
434,0,16.0,capture_end,1741363748.17,4x8
435,0,17.0,capture_start,1741363766.724,4x8
436,0,17.0,capture_end,1741363766.766,4x8
437,0,18.0,capture_start,1741363785.345,4x8
438,0,18.0,capture_end,1741363785.376,4x8
439,0,19.0,capture_start,1741363803.941,4x8
440,0,19.0,capture_end,1741363803.98,4x8
441,0,20.0,capture_start,1741363822.554,4x8
442,0,20.0,capture_end,1741363822.595,4x8
443,0,21.0,capture_start,1741363841.141,4x8
444,0,21.0,capture_end,1741363841.183,4x8
445,0,22.0,capture_start,1741363859.747,4x8
446,0,22.0,capture_end,1741363859.769,4x8
447,0,23.0,capture_start,1741363878.346,4x8
448,0,23.0,capture_end,1741363878.376,4x8
449,0,24.0,capture_start,1741363896.952,4x8
450,0,24.0,capture_end,1741363896.985,4x8
451,0,25.0,capture_start,1741363915.552,4x8
452,0,25.0,capture_end,1741363915.599,4x8
453,0,26.0,capture_start,1741363934.182,4x8
454,0,26.0,capture_end,1741363934.217,4x8
455,0,27.0,capture_start,1741363952.806,4x8
456,0,27.0,capture_end,1741363952.849,4x8
457,0,28.0,capture_start,1741363971.427,4x8
458,0,28.0,capture_end,1741363971.463,4x8
459,0,29.0,capture_start,1741363990.016,4x8
460,0,29.0,capture_end,1741363990.056,4x8
461,0,30.0,capture_start,1741364008.61,4x8
462,0,30.0,capture_end,1741364008.632,4x8
463,0,31.0,capture_start,1741364027.182,4x8
464,0,31.0,capture_end,1741364027.21,4x8
465,0,,run_end,1741364044.425,4x8
466,0,,reinit_start,1741364046.486,4x8
467,0,,reinit_end,1741364047.335,4x8
468,1,,run_start,1741364076.47,4x8
469,1,0.0,capture_start,1741364111.369,4x8
470,1,0.0,capture_end,1741364111.417,4x8
471,1,1.0,capture_start,1741364129.993,4x8
472,1,1.0,capture_end,1741364130.044,4x8
473,1,2.0,capture_start,1741364148.6,4x8
474,1,2.0,capture_end,1741364148.628,4x8
475,1,3.0,capture_start,1741364167.181,4x8
476,1,3.0,capture_end,1741364167.22,4x8
477,1,4.0,capture_start,1741364185.784,4x8
478,1,4.0,capture_end,1741364185.839,4x8
479,1,5.0,capture_start,1741364204.412,4x8
480,1,5.0,capture_end,1741364204.45,4x8
481,1,6.0,capture_start,1741364223.04,4x8
482,1,6.0,capture_end,1741364223.062,4x8
483,1,7.0,capture_start,1741364241.615,4x8
484,1,7.0,capture_end,1741364241.65,4x8
485,1,8.0,capture_start,1741364260.223,4x8
486,1,8.0,capture_end,1741364260.251,4x8
487,1,9.0,capture_start,1741364278.812,4x8
488,1,9.0,capture_end,1741364278.854,4x8
489,1,10.0,capture_start,1741364297.427,4x8
490,1,10.0,capture_end,1741364297.485,4x8
491,1,11.0,capture_start,1741364316.049,4x8
492,1,11.0,capture_end,1741364316.077,4x8
493,1,12.0,capture_start,1741364334.646,4x8
494,1,12.0,capture_end,1741364334.695,4x8
495,1,13.0,capture_start,1741364353.267,4x8
496,1,13.0,capture_end,1741364353.307,4x8
497,1,14.0,capture_start,1741364371.887,4x8
498,1,14.0,capture_end,1741364371.93,4x8
499,1,15.0,capture_start,1741364390.482,4x8
500,1,15.0,capture_end,1741364390.517,4x8
501,1,16.0,capture_start,1741364409.079,4x8
502,1,16.0,capture_end,1741364409.117,4x8
503,1,17.0,capture_start,1741364427.695,4x8
504,1,17.0,capture_end,1741364427.735,4x8
505,1,18.0,capture_start,1741364446.291,4x8
506,1,18.0,capture_end,1741364446.322,4x8
507,1,19.0,capture_start,1741364464.878,4x8
508,1,19.0,capture_end,1741364464.907,4x8
509,1,20.0,capture_start,1741364483.468,4x8
510,1,20.0,capture_end,1741364483.501,4x8
511,1,21.0,capture_start,1741364502.066,4x8
512,1,21.0,capture_end,1741364502.217,4x8
513,1,22.0,capture_start,1741364520.779,4x8
514,1,22.0,capture_end,1741364520.813,4x8
515,1,23.0,capture_start,1741364539.378,4x8
516,1,23.0,capture_end,1741364539.437,4x8
517,1,24.0,capture_start,1741364558.045,4x8
518,1,24.0,capture_end,1741364558.097,4x8
519,1,25.0,capture_start,1741364576.674,4x8
520,1,25.0,capture_end,1741364576.72,4x8
521,1,26.0,capture_start,1741364595.293,4x8
522,1,26.0,capture_end,1741364595.322,4x8
523,1,27.0,capture_start,1741364613.878,4x8
524,1,27.0,capture_end,1741364613.917,4x8
525,1,28.0,capture_start,1741364632.479,4x8
526,1,28.0,capture_end,1741364632.512,4x8
527,1,29.0,capture_start,1741364651.077,4x8
528,1,29.0,capture_end,1741364651.109,4x8
529,1,30.0,capture_start,1741364669.696,4x8
530,1,30.0,capture_end,1741364669.731,4x8
531,1,31.0,capture_start,1741364688.283,4x8
532,1,31.0,capture_end,1741364688.313,4x8
533,1,,run_end,1741364705.543,4x8
534,1,,reinit_start,1741364706.606,4x8
535,1,,reinit_end,1741364707.406,4x8
536,2,,run_start,1741364736.558,4x8
537,2,0.0,capture_start,1741364771.442,4x8
538,2,0.0,capture_end,1741364771.504,4x8
539,2,1.0,capture_start,1741364790.077,4x8
540,2,1.0,capture_end,1741364790.129,4x8
541,2,2.0,capture_start,1741364808.684,4x8
542,2,2.0,capture_end,1741364808.717,4x8
543,2,3.0,capture_start,1741364827.283,4x8
544,2,3.0,capture_end,1741364827.305,4x8
545,2,4.0,capture_start,1741364845.865,4x8
546,2,4.0,capture_end,1741364845.901,4x8
547,2,5.0,capture_start,1741364864.477,4x8
548,2,5.0,capture_end,1741364864.504,4x8
549,2,6.0,capture_start,1741364883.058,4x8
550,2,6.0,capture_end,1741364883.089,4x8
551,2,7.0,capture_start,1741364901.642,4x8
552,2,7.0,capture_end,1741364901.679,4x8
553,2,8.0,capture_start,1741364920.246,4x8
554,2,8.0,capture_end,1741364920.292,4x8
555,2,9.0,capture_start,1741364938.863,4x8
556,2,9.0,capture_end,1741364938.885,4x8
557,2,10.0,capture_start,1741364957.448,4x8
558,2,10.0,capture_end,1741364957.493,4x8
559,2,11.0,capture_start,1741364976.062,4x8
560,2,11.0,capture_end,1741364976.106,4x8
561,2,12.0,capture_start,1741364994.693,4x8
562,2,12.0,capture_end,1741364994.735,4x8
563,2,13.0,capture_start,1741365013.319,4x8
564,2,13.0,capture_end,1741365013.365,4x8
565,2,14.0,capture_start,1741365031.93,4x8
566,2,14.0,capture_end,1741365031.984,4x8
567,2,15.0,capture_start,1741365050.549,4x8
568,2,15.0,capture_end,1741365050.589,4x8
569,2,16.0,capture_start,1741365069.164,4x8
570,2,16.0,capture_end,1741365069.217,4x8
571,2,17.0,capture_start,1741365087.787,4x8
572,2,17.0,capture_end,1741365087.834,4x8
573,2,18.0,capture_start,1741365106.403,4x8
574,2,18.0,capture_end,1741365106.474,4x8
575,2,19.0,capture_start,1741365125.049,4x8
576,2,19.0,capture_end,1741365125.093,4x8
577,2,20.0,capture_start,1741365143.667,4x8
578,2,20.0,capture_end,1741365143.703,4x8
579,2,21.0,capture_start,1741365162.279,4x8
580,2,21.0,capture_end,1741365162.318,4x8
581,2,22.0,capture_start,1741365180.866,4x8
582,2,22.0,capture_end,1741365180.905,4x8
583,2,23.0,capture_start,1741365199.47,4x8
584,2,23.0,capture_end,1741365199.525,4x8
585,2,24.0,capture_start,1741365218.101,4x8
586,2,24.0,capture_end,1741365218.145,4x8
587,2,25.0,capture_start,1741365236.713,4x8
588,2,25.0,capture_end,1741365236.743,4x8
589,2,26.0,capture_start,1741365255.305,4x8
590,2,26.0,capture_end,1741365255.34,4x8
591,2,27.0,capture_start,1741365273.925,4x8
592,2,27.0,capture_end,1741365273.951,4x8
593,2,28.0,capture_start,1741365292.508,4x8
594,2,28.0,capture_end,1741365292.58,4x8
595,2,29.0,capture_start,1741365311.153,4x8
596,2,29.0,capture_end,1741365311.196,4x8
597,2,30.0,capture_start,1741365329.76,4x8
598,2,30.0,capture_end,1741365329.798,4x8
599,2,31.0,capture_start,1741365348.362,4x8
600,2,31.0,capture_end,1741365348.388,4x8
601,2,,run_end,1741365365.609,4x8
602,2,,reinit_start,1741365366.667,4x8
603,2,,reinit_end,1741365367.386,4x8
604,3,,run_start,1741365397.514,4x8
605,3,0.0,capture_start,1741365432.414,4x8
606,3,0.0,capture_end,1741365432.495,4x8
607,3,1.0,capture_start,1741365451.051,4x8
608,3,1.0,capture_end,1741365451.088,4x8
609,3,2.0,capture_start,1741365469.649,4x8
610,3,2.0,capture_end,1741365469.676,4x8
611,3,3.0,capture_start,1741365488.253,4x8
612,3,3.0,capture_end,1741365488.282,4x8
613,3,4.0,capture_start,1741365506.843,4x8
614,3,4.0,capture_end,1741365506.88,4x8
615,3,5.0,capture_start,1741365525.458,4x8
616,3,5.0,capture_end,1741365525.489,4x8
617,3,6.0,capture_start,1741365544.064,4x8
618,3,6.0,capture_end,1741365544.112,4x8
619,3,7.0,capture_start,1741365562.695,4x8
620,3,7.0,capture_end,1741365562.731,4x8
621,3,8.0,capture_start,1741365581.295,4x8
622,3,8.0,capture_end,1741365581.325,4x8
623,3,9.0,capture_start,1741365599.887,4x8
624,3,9.0,capture_end,1741365599.944,4x8
625,3,10.0,capture_start,1741365618.534,4x8
626,3,10.0,capture_end,1741365618.578,4x8
627,3,11.0,capture_start,1741365637.131,4x8
628,3,11.0,capture_end,1741365637.156,4x8
629,3,12.0,capture_start,1741365655.724,4x8
630,3,12.0,capture_end,1741365655.759,4x8
631,3,13.0,capture_start,1741365674.315,4x8
632,3,13.0,capture_end,1741365674.36,4x8
633,3,14.0,capture_start,1741365692.925,4x8
634,3,14.0,capture_end,1741365692.961,4x8
635,3,15.0,capture_start,1741365711.517,4x8
636,3,15.0,capture_end,1741365711.55,4x8
637,3,16.0,capture_start,1741365730.113,4x8
638,3,16.0,capture_end,1741365730.154,4x8
639,3,17.0,capture_start,1741365748.719,4x8
640,3,17.0,capture_end,1741365748.755,4x8
641,3,18.0,capture_start,1741365767.333,4x8
642,3,18.0,capture_end,1741365767.377,4x8
643,3,19.0,capture_start,1741365785.956,4x8
644,3,19.0,capture_end,1741365786.004,4x8
645,3,20.0,capture_start,1741365804.56,4x8
646,3,20.0,capture_end,1741365804.601,4x8
647,3,21.0,capture_start,1741365823.18,4x8
648,3,21.0,capture_end,1741365823.239,4x8
649,3,22.0,capture_start,1741365841.798,4x8
650,3,22.0,capture_end,1741365841.839,4x8
651,3,23.0,capture_start,1741365860.421,4x8
652,3,23.0,capture_end,1741365860.453,4x8
653,3,24.0,capture_start,1741365879.028,4x8
654,3,24.0,capture_end,1741365879.071,4x8
655,3,25.0,capture_start,1741365897.625,4x8
656,3,25.0,capture_end,1741365897.674,4x8
657,3,26.0,capture_start,1741365916.236,4x8
658,3,26.0,capture_end,1741365916.283,4x8
659,3,27.0,capture_start,1741365934.837,4x8
660,3,27.0,capture_end,1741365934.882,4x8
661,3,28.0,capture_start,1741365953.464,4x8
662,3,28.0,capture_end,1741365953.501,4x8
663,3,29.0,capture_start,1741365972.066,4x8
664,3,29.0,capture_end,1741365972.11,4x8
665,3,30.0,capture_start,1741365990.688,4x8
666,3,30.0,capture_end,1741365990.739,4x8
667,3,31.0,capture_start,1741366009.296,4x8
668,3,31.0,capture_end,1741366009.343,4x8
669,3,,run_end,1741366026.542,4x8
670,3,,reinit_start,1741366027.609,4x8
671,3,,reinit_end,1741366028.303,4x8
672,4,,run_start,1741366058.457,4x8
673,4,0.0,capture_start,1741366093.333,4x8
674,4,0.0,capture_end,1741366093.437,4x8
675,4,1.0,capture_start,1741366111.996,4x8
676,4,1.0,capture_end,1741366112.04,4x8
677,4,2.0,capture_start,1741366130.644,4x8
678,4,2.0,capture_end,1741366130.689,4x8
679,4,3.0,capture_start,1741366149.256,4x8
680,4,3.0,capture_end,1741366149.295,4x8
681,4,4.0,capture_start,1741366167.859,4x8
682,4,4.0,capture_end,1741366167.894,4x8
683,4,5.0,capture_start,1741366186.455,4x8
684,4,5.0,capture_end,1741366186.491,4x8
685,4,6.0,capture_start,1741366205.065,4x8
686,4,6.0,capture_end,1741366205.139,4x8
687,4,7.0,capture_start,1741366223.713,4x8
688,4,7.0,capture_end,1741366223.752,4x8
689,4,8.0,capture_start,1741366242.301,4x8
690,4,8.0,capture_end,1741366242.358,4x8
691,4,9.0,capture_start,1741366260.949,4x8
692,4,9.0,capture_end,1741366260.993,4x8
693,4,10.0,capture_start,1741366279.568,4x8
694,4,10.0,capture_end,1741366279.647,4x8
695,4,11.0,capture_start,1741366298.201,4x8
696,4,11.0,capture_end,1741366298.233,4x8
697,4,12.0,capture_start,1741366316.798,4x8
698,4,12.0,capture_end,1741366316.832,4x8
699,4,13.0,capture_start,1741366335.406,4x8
700,4,13.0,capture_end,1741366335.443,4x8
701,4,14.0,capture_start,1741366354.002,4x8
702,4,14.0,capture_end,1741366354.035,4x8
703,4,15.0,capture_start,1741366372.597,4x8
704,4,15.0,capture_end,1741366372.642,4x8
705,4,16.0,capture_start,1741366391.216,4x8
706,4,16.0,capture_end,1741366391.266,4x8
707,4,17.0,capture_start,1741366409.856,4x8
708,4,17.0,capture_end,1741366409.894,4x8
709,4,18.0,capture_start,1741366428.456,4x8
710,4,18.0,capture_end,1741366428.483,4x8
711,4,19.0,capture_start,1741366447.065,4x8
712,4,19.0,capture_end,1741366447.138,4x8
713,4,20.0,capture_start,1741366465.714,4x8
714,4,20.0,capture_end,1741366465.742,4x8
715,4,21.0,capture_start,1741366484.3,4x8
716,4,21.0,capture_end,1741366484.326,4x8
717,4,22.0,capture_start,1741366502.905,4x8
718,4,22.0,capture_end,1741366502.932,4x8
719,4,23.0,capture_start,1741366521.49,4x8
720,4,23.0,capture_end,1741366521.53,4x8
721,4,24.0,capture_start,1741366540.092,4x8
722,4,24.0,capture_end,1741366540.128,4x8
723,4,25.0,capture_start,1741366558.681,4x8
724,4,25.0,capture_end,1741366558.705,4x8
725,4,26.0,capture_start,1741366577.264,4x8
726,4,26.0,capture_end,1741366577.306,4x8
727,4,27.0,capture_start,1741366595.884,4x8
728,4,27.0,capture_end,1741366595.933,4x8
729,4,28.0,capture_start,1741366614.511,4x8
730,4,28.0,capture_end,1741366614.539,4x8
731,4,29.0,capture_start,1741366633.094,4x8
732,4,29.0,capture_end,1741366633.127,4x8
733,4,30.0,capture_start,1741366651.701,4x8
734,4,30.0,capture_end,1741366651.752,4x8
735,4,31.0,capture_start,1741366670.308,4x8
736,4,31.0,capture_end,1741366670.353,4x8
737,4,,run_end,1741366687.557,4x8
